<?xml version='1.0' encoding='UTF-8'?>
<widget xmlns="http://www.w3.org/ns/widgets" xmlns:intelxdk="http://xdk.intel.com/ns/v1" id="xdk.intel.blank.project" version="0.0.1" versionCode="1">
<!--This file is generated by the Intel XDK. Do not edit this file as your edits will be lost.           -->
<!--To change the contents of this file, see the documentation on the intelxdk.config.additions.xml file.-->
<intelxdk:version value="1.0"/>
<intelxdk:cordova-cli version="3.5"/>
<name>Hackathon</name>
<description>Universal init code for Intel XDK and Cordova device ready detection, as well as within browser.</description>
<content src="index.html"/>
<access origin="*"/>
<intelxdk:plugin intelxdk:name="Device" intelxdk:value="org.apache.cordova.device" intelxdk:version="0.2.9"/>
<intelxdk:plugin intelxdk:name="SplashScreen" intelxdk:value="org.apache.cordova.splashscreen" intelxdk:version="0.3.0"/>
<preference name="android-minSdkVersion" value="14"/>
<preference name="android-targetSdkVersion" value="19"/>
<preference name="android-installLocation" value="auto"/>
<intelxdk:crosswalk version="stable"/>
<!--creationInfo:{"src":"blankproject","projectTypeName":"com.intel.xdk.projecttype.jsapp"}--></widget>